"","x"
"1",0.00506181681352109
"2",-0.143409159538506
"3",-0.451328310027088
"4",-0.408004085477427
"5",-0.213510976787851
"6",-0.351266929559317
"7",-0.296788547755659
"8",-0.29119693261351
"9",-0.078884152141428
"10",-0.0852557018555405
"11",-0.255439039004519
"12",-0.0841193307516864
"13",-0.281906870206792
"14",-0.379884169902608
"15",-0.437911733145968
"16",0.060631536016541
"17",0.376063373115735
"18",0.272670227698563
"19",0.29251450103634
"20",0.41000582744307
"21",0.224015031813175
"22",0.160168229490239
"23",0.086949720173891
"24",0.0618771936305607
"25",-0.223866123466476
"26",-0.247612427557741
"27",-0.0764586631296023
"28",0.00105048938235854
"29",0.23064050525464
"30",0.00963011921356015
"31",-0.212245878946397
"32",0.242649389442326
"33",0.197682310929586
"34",-0.0767103627731622
"35",-0.439227097622961
"36",-0.505680769634109
"37",-0.47171437611314
"38",-0.173963282616158
"39",-0.37222384348013
"40",-0.453609429190358
"41",0.0757394946190372
"42",-0.0145341202325838
"43",-0.0303867678772342
"44",0.252605753082971
"45",0.481569668226867
"46",-0.15581013723515
"47",-0.0470189030244814
"48",-0.0533108548770691
"49",-0.0758470558786829
"50",-0.175919122725732
"51",-0.158183644219297
"52",0.108703675570268
"53",0.0135605775757648
"54",0.0514307908242903
"55",0.0616383442445318
"56",-0.170645432989845
"57",-0.22943648544007
"58",0.108787217006373
"59",0.329790771334504
"60",0.367697958361524
"61",0.13785942926157
"62",0.040636924255253
"63",0.137194125501918
"64",0.16731691396719
"65",0.065199582272662
"66",-0.126469444558243
"67",0.0607303385994874
"68",0.0528021568933886
"69",-0.10252054976086
"70",0.0929343359914286
"71",0.248392655766838
"72",0.0269410831088248
"73",-0.0844368829972126
"74",-0.433167828729887
"75",-0.319029390911363
"76",0.017585970391298
"77",0.0712082650857192
"78",0.247998718809685
"79",0.241696331899283
"80",0.308901820015427
"81",0.056382301649368
"82",0.0776380134090019
"83",-0.104632868174241
"84",0.156109916634855
"85",0.182032611114619
"86",-0.148301877693227
"87",-0.564632037651718
"88",-0.379817978765715
"89",-0.157584702102431
"90",-0.33583728888277
"91",-0.2224051009833
"92",-0.462915225637264
"93",-0.13472723447097
"94",-0.278641168280917
"95",-0.138044845818951
"96",0.176554040745955
"97",-0.116251768013395
"98",-0.211013583866058
"99",-0.131473993337672
"100",0.105111743789702
"101",0.185443943119729
"102",0.0365956096510759
"103",0.092720416244008
"104",-0.080828513223696
"105",-0.0926731624778989
"106",0.143586260382818
"107",0.233035877382363
"108",0.51756196060357
"109",0.190904279862423
"110",0.312330183357568
"111",0.231207426942635
"112",0.522299813335302
"113",0.435582592186837
"114",0.0892952538373821
"115",-0.0743449612266809
"116",-0.0750822793580074
"117",-0.125210224180539
"118",0.100825714847176
"119",0.288336176696491
"120",0.405466669997375
"121",0.274342704228178
"122",0.255234728748168
"123",0.129526388283697
"124",0.140338394752117
"125",0.0410312106038148
"126",0.0968673921993349
"127",0.339474410207419
"128",0.254409814009842
"129",0.131715148925581
"130",-0.0356627807068349
"131",0.0928978203109641
"132",0.0245330788376313
"133",-0.00530776642113878
"134",-0.0242836908918429
"135",0.0903166578175088
"136",0.0898097447908066
"137",-0.125175082327631
"138",-0.358979804853776
"139",-0.285285265251852
"140",0.0880326544395168
"141",-0.165603878014535
"142",-0.379507251316131
"143",-0.401137158128553
"144",-0.2796061169022
"145",-0.378076912838882
"146",-0.0297014987218394
"147",-0.0651917683743414
"148",0.102690445881939
"149",0.0907538661000446
"150",-0.0946482839407476
"151",0.0064619385596495
"152",0.344790630626258
"153",0.379731548293009
"154",0.352921383757257
"155",0.103235753398381
"156",0.14123277506496
"157",-0.284439592084257
"158",-0.0884715709394316
"159",-0.203693800601425
"160",0.041596278763164
"161",0.186153630714286
"162",0.216786249976303
"163",0.318819789346355
"164",0.2102379350619
"165",0.107059279221757
"166",-0.155481948888039
"167",-0.407839022826442
"168",-0.210074027373469
"169",-0.267693798844484
"170",-0.0715050903608982
"171",0.0937106438033736
"172",0.133951393543716
"173",0.123594721408879
"174",-0.0258039733954784
"175",-0.196249400245459
"176",-0.0319524695738329
"177",-0.159033978646139
"178",-0.416765218920126
"179",-0.0362182682829925
"180",0.186209028052354
"181",0.40853893885681
"182",0.00196640356386646
"183",-0.386240269904473
"184",-0.360902745358018
"185",-0.19404417132605
"186",-0.424456461187068
"187",-0.354990395070964
"188",-0.367773468435558
"189",-0.462903787119163
"190",-0.581125797557325
"191",-0.357563766168956
"192",-0.466148547947687
"193",-0.620967655056388
"194",-0.70906152737343
"195",-0.522790238535177
"196",-0.355035583539426
"197",0.0639822803542746
"198",0.199114932195961
"199",0.175709639864582
"200",-0.182542114209674
"201",0.0487115648939934
"202",0.0653166671922221
"203",-0.102755707632252
"204",0.0417280735238335
"205",-0.262963985506237
"206",-0.0166821946561326
"207",0.247727436429157
"208",0.0708018926249101
"209",0.0180247196112364
"210",0.303714892372674
"211",0.100611374888303
"212",-0.0259178303832016
"213",-0.395603904612475
"214",-0.391861704333162
"215",-0.289401325305758
"216",-0.395661013271799
"217",-0.227764110718211
"218",0.12596062244317
"219",-0.176183318004954
"220",-0.168550805223666
"221",-0.0610280847232494
"222",-0.238140573866971
"223",-0.161002488524391
"224",-0.0149652219485007
"225",-0.107308018544238
"226",0.163427183433985
"227",0.00125804515589942
"228",0.0273684016560423
"229",-0.00543455032639093
"230",-0.211193498988752
"231",-0.484482561994523
"232",-0.208841806047731
"233",0.17141986466737
"234",0.225142042337194
"235",0.3892174054359
"236",0.155791608144052
"237",0.110878781892875
"238",0.236537071941303
"239",0.213992437887946
"240",0.269609500402413
"241",0.196328561279121
"242",0.136416612400666
"243",0.233267966319423
"244",0.0813797760644856
"245",0.0113964679962998
"246",0.203333097840314
"247",0.262257047756616
"248",0.402476379655062
"249",0.0687972175789245
"250",0.244665862571717
"251",0.271605863533095
"252",0.436842698029066
"253",0.205773456532342
"254",0.117419589011651
"255",0.0248524397884666
"256",-0.132247783997779
"257",-0.134722529413738
"258",-0.313747105507144
"259",-0.218784492717126
"260",0.135998581375953
"261",0.274376192708559
"262",0.266545260489812
"263",0.0916513648569258
"264",0.108805985335476
"265",-0.0158576514305369
"266",0.0097286115963662
"267",0.247566578152906
"268",0.120424424129702
"269",0.0673192265691181
"270",0.253342739568355
"271",0.0738932588925218
"272",0.295163616723638
"273",0.408166297898637
"274",0.151650843847055
"275",0.490190371932036
"276",0.37662162232247
"277",0.176364593253467
"278",-0.109389514549717
"279",-0.00894981433678708
"280",-0.0555324566577108
"281",0.125877218997499
"282",-0.1974835292482
"283",0.0200647924227523
"284",0.198212535362199
"285",0.0528188144232324
"286",-0.0136231254514697
"287",0.0871271351979299
"288",0.36090555260761
"289",0.268702216380274
"290",0.273514584030565
"291",-0.189859754804967
"292",-0.304760952905637
"293",-0.248951974753057
"294",0.130759548792172
"295",0.214731751713289
"296",0.188207249207391
"297",-0.0911474511659913
"298",-0.0699580029820234
"299",-0.288353951892876
"300",-0.0382816375134791
"301",0.447318698776181
"302",0.362784187609588
"303",-0.0734133683961124
"304",0.0174440608392372
"305",-0.152905990762976
"306",-0.217420024082298
"307",-0.299899471164138
"308",-0.427977240655266
"309",-0.425470819514012
"310",-0.0810848684027789
"311",0.247560781233145
"312",0.271910068849942
"313",-0.137249329547739
"314",-0.256298377511046
"315",-0.604057803020477
"316",-0.557133339487158
"317",-0.312190151509806
"318",0.0638234609965043
"319",-0.197888263647273
"320",-0.0708265241333685
"321",-0.0531240643801406
"322",-0.105996715641809
"323",-0.20845368917081
"324",-0.249379300291583
"325",-0.18461592263517
"326",0.311006269674691
"327",0.209565995479119
"328",0.398727054321802
"329",-0.305307896618166
"330",-0.25360783536872
"331",-0.172129598132934
"332",-0.322511594172633
"333",0.0268715898588193
"334",0.122100814345493
"335",0.0344041813622721
"336",0.223623214049998
"337",0.244115155454636
"338",0.23137624940711
"339",0.304015565868174
"340",-0.154011784891558
"341",-0.369013002780163
"342",-0.16948539809115
"343",-0.392764648071117
"344",0.0604046898208112
"345",-0.14441986783005
"346",-0.137462099806626
"347",0.022676761421875
"348",-0.0307120418277107
"349",-0.170125302775193
"350",-0.227030665650381
"351",-0.248831844011412
"352",-0.403778641223757
"353",-0.349401737035074
"354",0.00270645447718802
"355",0.1732847209768
"356",-0.208717008822173
"357",-0.16195765180441
"358",-0.0958058658387734
"359",0.0392504321190981
"360",-0.00224002300131656
"361",-0.0344847314613193
"362",0.136299917999102
"363",0.0179849164559722
"364",-0.084346783574727
"365",-0.0404685715456901
"366",-0.170566517328109
"367",-0.199796887505896
"368",-0.0405916521100351
"369",0.0256645392082248
"370",-0.160376687057225
"371",-0.267293470281159
"372",-0.131984343339441
"373",0.255297037298986
"374",-0.0717597118812234
"375",-0.143619837862014
"376",-0.0496883330726966
"377",0.0105211090413197
"378",-0.0121615588614767
"379",-0.0675388193528551
"380",0.0418711834680849
"381",0.0373656560273407
"382",-0.101243260838288
"383",-0.285911638196905
"384",-0.0370330889063607
"385",-0.416160850902875
"386",0.0484804128341748
"387",0.0412742289396323
"388",-0.0929998629730547
"389",-0.287258172580216
"390",-0.557845315206045
"391",-0.343891185805564
"392",-0.316551321668561
"393",-0.404055130641632
"394",-0.525992260230054
"395",-0.399180709902321
"396",-0.307927515282788
"397",-0.220359526584626
"398",-0.171328649037593
"399",-0.0571874608286794
"400",-0.133577164419016
"401",-0.137522367032978
"402",-0.30404159489885
"403",-0.192186635363355
"404",-0.174003081819357
"405",-0.167799186094888
"406",-0.0561206257405519
"407",0.0696905643461764
"408",0.00139676402113771
"409",0.0700815243236801
"410",0.18238007458394
"411",-0.138007460975198
"412",-0.336307249655566
"413",-0.109617066262236
"414",-0.204930481379306
"415",-0.2389130767466
"416",0.0570473229360145
"417",0.0525029618063465
"418",-0.310839992383038
"419",-0.290006353889528
"420",-0.0542239194167681
"421",0.00136832196794007
"422",-0.0860619578011653
"423",0.167154690022161
"424",0.1717320085884
"425",0.135495804373799
"426",-0.0647317406670202
"427",0.109514834415786
"428",-0.057118265548841
"429",-0.111965711722214
"430",0.0120094697857499
"431",-0.0064973654373219
"432",0.0595609914002686
"433",0.531148521497447
"434",0.0843165559625706
"435",-0.370024517357724
"436",-0.932045976002572
"437",-0.451141582038067
"438",-0.21414424192235
"439",-0.291990102838507
"440",-0.290808814434037
"441",-0.272099135066407
"442",-0.384936591533771
"443",-0.306266473116816
"444",-0.191271366481041
"445",-0.274970096106556
"446",0.177661218122588
"447",0.139306664734489
"448",0.125234853045785
"449",0.135048492379268
"450",0.14688160682428
"451",-0.127189863785124
"452",-0.0199465840440591
"453",-0.105018130580229
"454",-0.371751525016624
"455",0.00436611998370845
"456",-0.0719610086577478
"457",0.126320923344111
"458",0.308014365289739
"459",0.0719683160451816
"460",0.236190434894158
"461",0.0760052111560986
"462",-0.311238498188869
"463",-0.120695247069027
"464",-0.270624443186111
"465",-0.0267078797080702
"466",0.0738057270526948
"467",0.245810340528257
"468",-0.0248639841530782
"469",-0.0795380797258615
"470",0.0690454963610163
"471",0.417077583908474
"472",0.127893578052599
"473",-0.120848387090169
"474",-0.0783339105144348
"475",0.254799353253109
"476",0.450898161393522
"477",0.215829231985435
"478",0.28633001098448
"479",0.000284591194238449
"480",-0.522531533538499
"481",-0.257511767894827
"482",0.0448751356959742
"483",-0.267453966662897
"484",-0.0100614845355369
"485",0.198785060880266
"486",0.469464027347066
"487",0.716092707254639
"488",0.370727497884498
"489",0.490445919932349
"490",0.517237561767543
"491",0.834742999441076
"492",0.257593389017585
"493",0.037775584335407
"494",0.0972211949677357
"495",0.485683770509168
"496",0.390267634577784
"497",0.559853438095255
"498",0.598970646162592
"499",0.595793494537267
"500",0.496328377583594
"501",0.288029251898128
"502",-0.063773509197271
"503",0.072426141500563
"504",0.277906558697401
"505",-0.125207954156112
"506",-0.220591814364525
"507",0.115716991144201
"508",0.306780436697227
"509",0.0778002949499809
"510",0.164710494182247
"511",0.0317424226056773
"512",-0.27612378735567
"513",-0.374262067752439
"514",-0.108227361828776
"515",-0.294585504932213
"516",-0.253705117921137
"517",0.0743360010869624
"518",0.134220563394745
"519",0.00811574209409803
"520",-0.12107245965109
"521",-0.00611280646669659
"522",-0.372727926192958
"523",-0.218683310331484
"524",-0.1961642371177
"525",-0.109498385511194
"526",-0.403048479895233
"527",-0.679945243721902
"528",-0.29810544814225
"529",0.0194621231987495
"530",-0.0346212737211363
"531",-0.258745926145408
"532",-0.120914678256781
"533",0.0500676579549414
"534",0.0349973649427655
"535",0.236108653850821
"536",-0.00237075436178838
"537",-0.27677565287358
"538",-0.423678127471863
"539",0.108651900350697
"540",0.125061771142126
"541",0.109035979198292
"542",0.172355788936186
"543",0.0575385881093269
"544",-0.0416177827536517
"545",0.351245380301194
"546",0.267219580442031
"547",0.0192481403861771
"548",0.0375842751020032
"549",0.0839709069597548
"550",0.287134989145032
"551",0.211780007517409
"552",0.388726880744828
"553",0.0765372348989649
"554",0.0953950288989132
"555",0.266778003022576
"556",-0.0148714921565438
"557",0.393523953078618
"558",0.325195996916494
"559",0.276866569604593
"560",0.0353210225044442
"561",0.204133297146568
"562",0.172104832562683
"563",0.0432754991518216
"564",0.0412826222831959
"565",0.106263381633381
"566",0.116092959224882
"567",0.180717164245394
"568",0.375818943683742
"569",0.326417296017423
"570",0.120119908575289
"571",-0.19240681144642
"572",-0.434582920684647
"573",-0.440071031218375
"574",-0.538305505709715
"575",-0.689549478316351
"576",-0.626031730532418
"577",-0.178276078622758
"578",0.0479624614444559
"579",0.432626262964311
"580",0.597872854813532
"581",0.553140120824279
"582",0.171113674349093
"583",-0.272016082689971
"584",-0.0262687233876607
"585",-0.0805601006086466
"586",-0.107999989279784
"587",-0.115168331869434
"588",-0.127995772896561
"589",-0.181744178829542
"590",0.0391908215415313
"591",-0.0654064454168456
"592",0.162796067198991
"593",0.289523634238133
"594",0.0852171388513536
"595",-0.165424413667093
"596",0.0343363633666461
"597",0.025343522342149
"598",0.0455480745142781
"599",-0.0188597386483676
"600",0.0315967679848149
"601",0.232316298865976
"602",-0.00551191508439965
"603",0.134886290566123
"604",0.0444165162137397
"605",0.1044989148083
"606",-0.0758404136095338
"607",-0.289747479490581
"608",0.119924149031287
"609",0.0870092019928339
"610",0.22029071001288
"611",-0.0385734455555268
"612",-0.308799283190631
"613",-0.387719169065832
"614",-0.123691283975545
"615",0.152712940175857
"616",0.0690786280242844
"617",0.41717704529442
"618",0.765074059144779
"619",0.482516830952916
"620",-0.077550277337096
"621",-0.0373909263360625
"622",-0.223563853643049
"623",0.0941111121698565
"624",0.183745976705566
"625",-0.191032693716877
"626",-0.0841179673034606
"627",-0.0885600203672744
"628",0.0160491873377423
"629",-0.161634397810258
"630",-0.138531056224313
"631",0.0809658276299045
"632",0.115075617824638
"633",-0.35532949809333
"634",-0.0280102556709637
"635",0.105885120025834
"636",-0.104740045367476
"637",-0.0987763377017625
"638",0.45362241327955
"639",0.27370701153398
"640",0.186713688125618
"641",0.178191056746382
"642",0.0632690392647672
"643",-0.102659903912462
"644",-0.306286862163176
"645",-0.410899578940312
"646",-0.135318559833876
"647",-0.163309135431445
"648",-0.77923934394302
"649",-0.818068153084177
"650",-0.491450379658233
"651",-0.560708395255908
"652",-0.755943767534145
"653",-0.483806770962557
"654",-0.345469990064014
"655",-0.218871788894814
"656",-0.052325867618012
"657",-0.163742770593694
"658",0.151456865756478
"659",-0.260956490032647
"660",-0.0944293646979276
"661",-0.385147783748355
"662",-0.0225737981283002
"663",-0.159458387053324
"664",-0.0555618103266822
"665",-0.301345521282602
"666",-0.117565764366079
"667",-0.0626096977899775
"668",0.128244405935054
"669",0.12178178433765
"670",-0.0595651472480163
"671",-0.0350655164928265
"672",-0.175462017886009
"673",-0.149704490490591
"674",-0.097070726261438
"675",-0.339507725543034
"676",-0.180116943812287
"677",0.260295396967789
"678",0.0137347158062652
"679",-0.276571513938794
"680",-0.574537621221253
"681",-0.210226310995751
"682",-0.309195588575723
"683",-0.3163707318451
"684",-0.26222409501433
"685",0.0296581584574296
"686",0.341441876956311
"687",0.390408994936207
"688",0.0694423561334968
"689",-0.180232107578191
"690",0.218418997130933
"691",0.184010195085781
"692",0.114706018873397
"693",0.275027666116117
"694",0.058747507968654
"695",-0.150936655756342
"696",-0.179290959115226
"697",-0.356802146054851
"698",-0.0871348847610829
"699",-0.0394619922012802
"700",0.281012811283917
"701",0.380357735274682
"702",0.168349569699485
"703",0.294280257053745
"704",0.230390238258514
"705",-0.0739935559285864
"706",-0.238840354625539
"707",-0.0299743997211774
"708",-0.279741420770462
"709",-0.023919509505139
"710",0.0404324520301752
"711",-0.0306791629399206
"712",-0.18225375038214
"713",0.174425338215675
"714",0.438349983434617
"715",0.350177447315791
"716",0.33650723354551
"717",0.189206702889913
"718",-0.17749344804898
"719",-0.522223906041485
"720",-0.259927989421284
"721",0.290707113431121
"722",-0.180971816729054
"723",-0.375316553375898
"724",-0.327031107302351
"725",-0.474706542995231
"726",-0.46650956799695
"727",-0.508964235113176
"728",-0.322724970738775
"729",-0.000602130479059326
"730",-0.243080282584822
"731",-0.341581018762021
"732",-0.0404489918363296
"733",0.0154530469349278
"734",-0.302322073486282
"735",0.0518120891944605
"736",0.0970288472048543
"737",-0.164794137680252
"738",-0.630315679965021
"739",-0.61022260704503
"740",-0.12589136714102
"741",-0.166059205526623
"742",-0.151410180663577
"743",-0.231676090149729
"744",-0.674156642233442
"745",-0.633968709946496
"746",-0.0554648338945933
"747",0.0753077697098611
"748",-0.0608964730045832
"749",-0.120830274999938
"750",-0.0499080519441271
"751",0.0763829472889102
"752",-0.0282609738075158
"753",-0.00525258303424644
"754",-0.291010942895155
"755",-0.435832491589098
"756",-0.00258754782695593
"757",-0.0895635790397488
"758",-0.249698780076301
"759",-0.441661918412258
"760",-0.438855970270585
"761",-0.260756009441367
"762",0.146515696245912
"763",-0.114299810716062
"764",0.00623484265913003
"765",0.12443276921923
"766",0.351355483740772
"767",0.521048264256045
"768",0.247785239825505
"769",0.0218106987511554
"770",0.144026475875816
"771",-0.103005865243127
"772",0.0810626261184509
"773",0.053101164609038
"774",0.38484898541525
"775",0.42377413135023
"776",0.212838914923171
"777",0.163609436739637
"778",-0.285464982772583
"779",-0.30594348655191
"780",-0.298389702154843
"781",-0.105832398326873
"782",-0.00725868762524273
"783",-0.111965464348186
"784",-0.236120097289051
"785",-0.040105896592134
"786",0.261257117397744
"787",0.191607862746295
"788",0.429968048090174
"789",0.505724105817259
"790",0.220287193952703
"791",0.3694567279153
"792",0.0645919992840211
"793",0.506864410594032
"794",0.5611517867393
"795",-0.0398042987330006
"796",0.321527618079553
"797",0.473971308250459
"798",0.149617528279529
"799",-0.03272976635951
"800",-0.195717514186765
"801",-0.200364505421083
"802",-0.256289992583705
"803",-0.45658033881268
"804",-0.440912313754285
"805",-0.638709070842454
"806",-0.527596123375281
"807",-0.262085309804439
"808",-0.0825986573254449
"809",0.202828267456266
"810",0.34032361587762
"811",0.0511289710568017
"812",-0.327754554574364
"813",-0.345689028635983
"814",-0.14479932926682
"815",-0.195448940907697
"816",0.199799629485208
"817",0.285578940117634
"818",0.458044554626487
"819",0.402842396122512
"820",0.104543586685939
"821",-0.0850173485772097
"822",-0.271482359500312
"823",-0.321939358394011
"824",-0.321352452213933
"825",0.0902572823780144
"826",0.281052382160211
"827",0.141465153957396
"828",0.145617900654574
"829",0.0759765294523775
"830",0.222736635972276
"831",-0.00457544805086746
"832",-0.30724672647835
"833",-0.4107136371563
"834",-0.491790936473144
"835",-0.225251803672531
"836",-0.25500655016388
"837",0.0156782318109094
"838",0.0223150714588243
"839",-0.122110311621656
"840",0.196527695309489
"841",0.303498043626911
"842",0.157396776218181
"843",-0.00902033088656817
"844",0.0403073204683183
"845",0.355456398905195
"846",0.380492842446109
"847",0.697485612033145
"848",0.335289735453754
"849",-0.0475287102983312
"850",0.135628835689069
"851",0.266517828607747
"852",-0.0504988387519603
"853",-0.114575830565937
"854",0.124860299075318
"855",0.0511038708773335
"856",-0.292508807756254
"857",-0.0299367460433678
"858",-0.211508434712442
"859",-0.265933764904832
"860",-0.0111650401891293
"861",-0.0435517211055459
"862",-0.12627206682073
"863",0.0188723117053314
"864",0.128715182745416
"865",-0.147621198708507
"866",0.065742170153476
"867",0.166534631119645
"868",0.210356040345944
"869",0.276645333755194
"870",0.236531273136329
"871",0.0536948060834143
"872",0.0708325287616501
"873",0.099796566328585
"874",-0.208704927137743
"875",-0.429472399716379
"876",-0.282167236677602
"877",0.137527320474085
"878",0.190751548281799
"879",0.321807171425983
"880",0.0462835894126815
"881",0.0214703188101269
"882",0.215063045733282
"883",0.0843918044655443
"884",0.0844545438203639
"885",0.257466911989926
"886",0.0863622037671579
"887",0.19065433960175
"888",0.118898713288756
"889",0.00466101610363234
"890",0.0316403085522678
"891",0.204283619563435
"892",0.322361581517695
"893",-0.0513379700825417
"894",-0.0616582611674375
"895",-0.24062226737182
"896",0.0782995994730998
"897",0.29384927546092
"898",0.502736924020701
"899",0.654845839875798
"900",0.355812442384636
"901",0.13488463170984
"902",-0.280421319037769
"903",-0.253610601072355
"904",-0.0534531633104781
"905",-0.204646770853125
"906",-0.166586893980966
"907",-0.205121416815141
"908",-0.589197990591205
"909",-0.254738741939291
"910",-0.0791137807577351
"911",-0.0272637572441245
"912",-0.183176513254571
"913",-0.399602432709701
"914",-0.715568661918665
"915",-0.477572191542092
"916",-0.19679221929988
"917",-0.291838165160926
"918",-0.105234577684583
"919",0.0711345752470447
"920",-0.014140524226359
"921",0.00115344691959575
"922",-0.252005257957176
"923",-0.538780144007002
"924",-0.548672607093403
"925",-0.50229306614369
"926",-0.650194849923236
"927",-0.436026723153623
"928",0.00262006926546127
"929",0.037057466229269
"930",0.120733955950151
"931",0.2827797548757
"932",0.0683553698420057
"933",0.058049526267292
"934",0.180584898816248
"935",-0.0103600098384918
"936",0.289155379688329
"937",-0.0518800744717785
"938",-0.226103256200893
"939",0.284688244490804
"940",0.317221459390126
"941",-0.0620255922506987
"942",-0.311961035701096
"943",-0.307436210724323
"944",-0.480633423493987
"945",-0.372515822831085
"946",-0.117835012550116
"947",-0.0559760402532855
"948",-0.233140982040268
"949",-0.194667815125977
"950",-0.133595690764153
"951",-0.0729364396250459
"952",-0.247742862279753
"953",-0.288123616844262
"954",0.0267414990662732
"955",0.200466644480072
"956",0.168395855876144
"957",-0.0805610944119173
"958",-0.0316760268189527
"959",-0.138874106105505
"960",-0.148776769324098
"961",0.116308043064693
"962",0.259544092024877
"963",-0.143030572771667
"964",-0.222807755850435
"965",0.159865353501675
"966",0.111784290244322
"967",0.0816989698963939
"968",0.189474295549007
"969",0.190859718408207
"970",0.0335540499418485
"971",-0.359105215912797
"972",-0.0636696434458256
"973",-0.11958867608232
"974",-0.0219092797108212
"975",-0.0172952021100707
"976",-0.1070214194317
"977",-0.0762969446313315
"978",0.195872038750959
"979",0.355033443024085
"980",0.0818639549129209
"981",0.0197548882026466
"982",0.160342896319224
"983",0.380128010758803
"984",0.461585231534828
"985",0.461776757783709
"986",-0.0684705242019688
"987",-0.128483245480706
"988",0.233378222049024
"989",0.305832910824994
"990",0.38069183198449
"991",0.0303464828004862
"992",0.0663145947251297
"993",0.190235419260208
"994",0.0385281653584304
"995",-0.272996890866106
"996",-0.197067321809653
"997",-0.159258771299953
"998",-0.143363574319266
"999",-0.256517297179571
"1000",0.0632461348194925
"1001",-0.0108174871199775
"1002",0.21609808703301
"1003",0.289120064559641
"1004",-0.144425439820607
"1005",-0.154387258908957
"1006",-0.15192636015804
"1007",-0.0399013284381469
"1008",0.142724433356822
"1009",-0.418591136142372
"1010",-0.138138270819077
"1011",-0.111615102602589
"1012",-0.340836258487825
"1013",-0.225217822120072
"1014",-0.00190407305304963
"1015",-0.0297555237807034
"1016",0.233550811814475
"1017",0.0835134424826841
"1018",-0.0179320135306668
"1019",-0.176695599870059
"1020",-0.204867482867534
"1021",-0.0347250258583743
"1022",0.00888656015358966
"1023",-0.157331428573267
"1024",-0.586491807337032
"1025",-0.638716999096024
"1026",-0.533393408678308
"1027",-0.261046905071976
"1028",0.102909651553418
"1029",0.139516786174522
"1030",-0.061673514251841
"1031",-0.0169397556913232
"1032",-0.150103767494799
"1033",-0.223481325850752
"1034",0.00876286699193084
"1035",-0.269803600040764
"1036",-0.214982224610808
"1037",0.159379204120069
"1038",-0.0212958900136299
"1039",-0.192424946021384
"1040",-0.044702845720017
"1041",-0.232439731601456
"1042",-0.265612178330486
"1043",-0.187877970903958
"1044",0.0516685348388483
"1045",0.149850428838195
"1046",-0.313099202318929
"1047",-0.000686679528520549
"1048",0.107607889569203
"1049",0.345973487560661
"1050",0.09612023890278
"1051",0.0399656336682597
"1052",0.0512908495117866
"1053",0.233695376823464
"1054",0.0783257025336203
"1055",0.139211779499282
"1056",0.267572174648003
"1057",0.18423661375785
"1058",0.188079041055318
"1059",0.375958625746167
"1060",0.300597663138155
"1061",0.313294896112708
"1062",-0.122541181718164
"1063",-0.0697476926117214
"1064",0.0187277586766162
"1065",-0.106615983742687
"1066",-0.282380556132993
"1067",0.183940403544947
"1068",-0.0464297726219456
"1069",-0.250647045428098
"1070",-0.443451917987952
"1071",-0.276967723510935
"1072",0.0716231732417196
"1073",0.0116496305983408
"1074",-0.122154381309729
"1075",-0.0864125516216475
"1076",-0.302275011520042
"1077",-0.200440391282551
"1078",0.0491356880838444
"1079",0.40543592939011
"1080",0.419874131192284
"1081",0.337085090541594
"1082",0.180398843909789
"1083",0.352416863704121
"1084",0.158446475224908
"1085",0.165270512943969
"1086",0.497379146060954
"1087",0.427739274942224
"1088",-0.0750037351394593
"1089",-0.14069982464396
"1090",0.0759551036184368
"1091",0.140403500772785
"1092",-0.137441953752743
"1093",-0.29416361447353
"1094",-0.222751211051574
"1095",0.102074131793484
"1096",0.0723120517339449
"1097",-0.0359534523137198
"1098",0.17500465434296
"1099",0.654068201180711
"1100",0.609403313150999
"1101",0.233478554197699
"1102",0.198564637668348
"1103",0.181320841834659
"1104",0.0148005093633049
"1105",0.0120430860249335
"1106",-0.00576968440707218
"1107",0.0823265843939267
"1108",0.44015569912509
"1109",0.350370413848057
"1110",0.181564139906303
"1111",0.275966858904119
"1112",0.237606489532619
"1113",-0.0134892005598128
"1114",-0.0814926052123849
"1115",0.306569749321555
"1116",0.271221253140027
"1117",0.445277896092436
"1118",0.534845648616813
"1119",0.454295746953799
"1120",0.0846914911399509
"1121",0.158031693865587
"1122",-0.163093371374469
"1123",0.0194577300771593
"1124",0.195763258528541
"1125",0.19414715479079
"1126",0.217228924141966
"1127",0.249395766456913
"1128",0.0728901213219239
"1129",-0.0919768856744441
"1130",-0.0191918842803472
"1131",0.843935667118293
"1132",0.660834999982217
"1133",0.655799108979027
"1134",0.217199970279823
"1135",-0.00231549555615262
"1136",-0.119589893381304
"1137",-0.0942060653116613
"1138",-0.280184550787546
"1139",-0.158691154984793
"1140",0.113249678681731
"1141",0.229035240400463
"1142",0.513289672326148
"1143",0.287554373000798
"1144",0.177133254147446
"1145",-0.0620517972446415
"1146",0.118111186320601
"1147",-0.0582941408791688
"1148",-0.0245781153699177
"1149",-0.123515037006616
"1150",-0.289808865650045
"1151",0.0618243951787036
"1152",0.11415031766538
"1153",-0.053114424640072
"1154",0.0527776371637467
"1155",0.288052038907631
"1156",0.543591813028529
"1157",0.50341758388756
"1158",0.140276138083526
"1159",0.115436136498928
"1160",0.162748126560274
"1161",0.0698267744561206
"1162",-0.21191357491141
"1163",-0.242829980649231
"1164",-0.433655423952541
"1165",-0.460837981693507
"1166",-0.617906002244732
"1167",-0.0948633147911281
"1168",0.0879921912415088
"1169",0.359514485250913
"1170",0.377845081733738
"1171",0.347602276228321
"1172",0.181364752366738
"1173",-0.0136302855827234
"1174",-0.0353438612818256
"1175",-0.172549988699956
"1176",0.253683700516132
"1177",0.355524368363301
"1178",0.707599143771119
"1179",0.347241455219828
"1180",0.104489412531159
"1181",0.252247121667375
"1182",0.158012112060578
"1183",0.0648296887451022
"1184",-0.409234115916549
"1185",-0.101438461436274
"1186",0.0840865548228047
"1187",0.342325548835066
"1188",0.454658722873125
"1189",-0.0630676871342054
"1190",0.337452317226269
"1191",0.200341187105359
"1192",0.298004081879907
"1193",-0.00949907467717362
"1194",-0.130448918076582
"1195",-0.493293962028951
"1196",-0.537468181136656
"1197",-0.276420736970182
"1198",-0.243767754390327
"1199",-0.0903045775322747
"1200",0.00124587143349896
"1201",0.227086160062025
"1202",-0.0063571238446104
"1203",0.162284993711157
"1204",0.66305988837828
"1205",0.458165089193777
"1206",-0.0291878833855481
"1207",0.24370752885163
"1208",0.468065451517986
"1209",0.337803715946196
"1210",0.00868840906448754
"1211",-0.110661781195767
"1212",-0.337612629778099
"1213",-0.262421898207877
"1214",0.326287541756544
"1215",0.269178186067458
"1216",0.0175520500010302
"1217",0.00740580247714673
"1218",-0.081869655581577
"1219",0.159191386873899
"1220",0.201952102391976
"1221",0.440687996952408
"1222",0.432683125132841
"1223",0.451237574110691
"1224",0.513674912259001
"1225",0.265094649521786
"1226",-0.148424141370648
"1227",-0.140216359373026
"1228",0.192977184536826
"1229",0.35076490161201
"1230",0.358707331369283
"1231",0.595751213426278
"1232",0.849278874568884
"1233",0.430435434922077
"1234",-0.157418428875257
"1235",-0.22162780106968
"1236",0.0200548179512412
"1237",0.347114009723411
"1238",0.0202558926326606
"1239",-0.443155710508621
"1240",-0.530827648457305
"1241",-0.373758664642391
"1242",-0.2921399711431
"1243",0.0118627661249425
"1244",0.192421328625708
"1245",0.0235743142771816
"1246",0.262179483637041
"1247",-0.340793746758837
"1248",-0.235919841001993
"1249",-0.471699994900531
"1250",-0.287318497778054
"1251",-0.232923234927948
"1252",-0.162533599697218
"1253",-0.551708637346649
"1254",-0.584281439681519
"1255",-0.179045451646645
"1256",-0.0197230605932484
"1257",0.162401722584067
"1258",0.47405466706058
"1259",0.448257344130066
"1260",0.345170176798138
"1261",0.0585422604205817
"1262",0.312930819207492
"1263",0.285112432036393
"1264",0.332590679601864
"1265",0.0466857883422516
"1266",0.0766522283232011
"1267",0.062730885628776
"1268",0.166431264129168
"1269",-0.00395831957681657
"1270",0.247638203344736
"1271",0.258493531319471
"1272",0.449368625656907
"1273",0.557239290084528
"1274",0.297210136290436
"1275",0.107752608772991
"1276",0.380464199305184
"1277",0.162154566111528
"1278",-0.0444754891345592
"1279",0.205911676403306
"1280",0.314585582250249
"1281",0.0198384823198583
"1282",-0.149877292832657
"1283",-0.317153029049982
"1284",-0.224298265674814
"1285",-0.00375358739467323
"1286",-0.140710247155589
"1287",-0.125571576525407
"1288",0.33826316272994
"1289",0.429457282893165
"1290",0.389710681360078
"1291",0.40028170610666
"1292",0.636216978965967
"1293",0.458013997912563
"1294",0.554405300086818
"1295",0.291086199917317
"1296",-0.0109735551819284
"1297",-0.14547047579657
"1298",-0.128637200768409
"1299",-0.341822676176092
"1300",-0.468563392263595
"1301",-0.0310242134440161
"1302",0.193643381856921
"1303",0.176093721288248
"1304",-0.03693334873156
"1305",-0.0910887337698995
"1306",-0.194153851234385
"1307",-0.161308540260931
"1308",-0.117488191512867
"1309",-0.086137044255707
"1310",-0.0585221649742837
"1311",0.129833701069152
"1312",0.186268879114746
"1313",-0.0197134902020878
"1314",-0.0609741967240739
"1315",-0.0595269923629472
"1316",-0.348314973561944
"1317",-0.227446892750193
"1318",-0.385569223587345
"1319",-0.500317851329186
"1320",-0.30293057198776
"1321",-0.44381464897306
"1322",-0.304395161090965
"1323",-0.300926842972257
"1324",-0.142451559114083
"1325",-0.184789933358779
"1326",-0.523895189617439
"1327",-0.2525614065827
"1328",-0.592692526187517
"1329",-0.127372751913078
"1330",0.0784740661893929
"1331",-0.205010352477696
"1332",-0.392232159456533
"1333",-0.132693451769203
"1334",0.132406745232272
"1335",-0.151874111180166
"1336",-0.290095616122454
"1337",-0.370699019751896
"1338",-0.251379606682545
"1339",-0.073000755730812
"1340",0.48081135648762
"1341",0.25802937130597
"1342",0.43928515690598
"1343",0.228744705397406
"1344",0.191065323787769
"1345",0.252532528251782
"1346",0.359794883317614
"1347",-0.000743337766833024
"1348",-0.357944273262873
"1349",-0.347450404648856
"1350",-0.203597667215961
"1351",-0.152073765433195
"1352",0.00698629757450381
"1353",-0.16032806010413
"1354",-0.224976434026998
"1355",-0.0331590918071375
"1356",-0.102656624802334
"1357",-0.201356637191379
"1358",-0.278620749867327
"1359",-0.0175762991466864
"1360",0.208532617172585
"1361",0.109938618292288
"1362",-0.0216684598796913
"1363",-0.150642760065963
"1364",-0.303433342412653
"1365",-0.0543212012140241
"1366",-0.201607194056095
"1367",-0.336854722608311
"1368",-0.389961471300273
"1369",-0.520344665593429
"1370",-0.286508000838789
"1371",-0.297788567151483
"1372",-0.244956262590949
"1373",-0.0496153261608873
"1374",0.074553621852701
"1375",0.157485566964299
"1376",0.391169422350584
"1377",0.275540996489002
"1378",0.276053208534975
"1379",0.16009423317593
"1380",0.217443875353856
"1381",0.300021685700328
"1382",0.0303558706867059
"1383",0.26796552451839
"1384",0.0733872051356318
"1385",0.142456717559913
"1386",-0.0999634099221835
"1387",0.225997962515607
"1388",0.341009057348287
"1389",0.375895915714443
"1390",0.20675715467312
"1391",0.401909262436752
"1392",0.398670061062394
"1393",0.286143011013024
"1394",-0.0439211661816841
"1395",0.0499780194488174
"1396",0.370714985641236
"1397",0.232019985679713
"1398",0.149659789943599
"1399",0.0288478738220131
"1400",-0.0786735227894398
"1401",-0.231103608282101
"1402",-0.0126383420904817
"1403",-0.104564551328634
"1404",-0.515537857759156
"1405",-0.937249425692322
"1406",-0.676585629391876
"1407",-0.39804898454798
"1408",-0.382338552189186
"1409",-0.269509276185745
"1410",-0.135718156409475
"1411",-0.244830547458747
"1412",-0.224174349714102
"1413",-0.389971422078589
"1414",-0.269520149813585
"1415",-0.152436059927722
"1416",-0.0842245303378006
"1417",0.50655189335717
"1418",0.238549071984734
"1419",0.167800965046955
"1420",-0.188572260439226
"1421",-0.0451329754933597
"1422",0.0228187279466315
"1423",-0.289738027272959
"1424",-0.31118492125596
"1425",-0.283447467983218
"1426",-0.155416959006552
"1427",-0.0912377977853353
"1428",0.116591377978302
"1429",0.486547875937202
"1430",-0.100413432442912
"1431",-0.177218605277223
"1432",-0.304808641365165
"1433",-0.435332191884694
"1434",-0.146289025237594
"1435",0.132713688029452
"1436",0.455807468830422
"1437",0.18523476992839
"1438",0.113394237729689
"1439",0.373846369727244
"1440",0.299224195629523
"1441",0.091410843115436
"1442",-0.148446682294269
"1443",-0.270805416435614
"1444",-0.0126917792136345
"1445",0.100135446052079
"1446",0.0982232547015793
"1447",-0.290316194390417
"1448",-0.886397806252479
"1449",-0.976088877677135
"1450",-0.504887079229743
"1451",-0.370590710202654
"1452",-0.314095277787289
"1453",-0.266622827077031
"1454",-0.318055686350017
"1455",-0.518288202504737
"1456",-0.469101049306
"1457",0.212509783225536
"1458",-0.0380523376823159
"1459",-0.183361187804034
"1460",-0.325792328726082
"1461",0.0451040840443704
"1462",0.163159805681523
"1463",0.0209134162927155
"1464",-0.114926553542423
"1465",0.0518970884103748
"1466",-0.267426613740945
"1467",-0.087455034096172
"1468",-0.172041934409376
"1469",-0.340729869081023
"1470",-0.0639494835580661
"1471",-0.0707190135769163
"1472",-0.156202171976375
"1473",-0.38328264064558
"1474",-0.37034889095581
"1475",-0.183368504379383
"1476",0.0502252455599943
"1477",0.127160855108701
"1478",0.0414369739512704
"1479",0.0690265286786771
"1480",0.0325858147315337
"1481",0.151046000066569
"1482",0.26635163401737
"1483",-0.205435291897184
"1484",-0.0600268043026738
"1485",0.0743198884298429
"1486",0.130798839374825
"1487",0.23432568784611
"1488",-0.0961081078171433
"1489",-0.196718115578333
"1490",0.0878844258390801
"1491",0.0382933187868831
"1492",0.408676302806671
"1493",0.264900118390569
"1494",0.0142854812445155
"1495",-0.106753858765207
"1496",-0.239516074550719
"1497",-0.169118644308292
"1498",0.0329453013393812
"1499",0.119092128329637
"1500",0.0604446375371955
"1501",-1.12952393243054
"1502",-0.338652039608113
"1503",0.33121294304104
"1504",0.629215467029698
"1505",0.685978250474837
"1506",-1.56245691853052
"1507",-0.537931238872082
"1508",-0.0591047116538766
"1509",-0.551238645678199
"1510",-0.742526642611763
"1511",-0.845623179077809
"1512",-0.484426885292592
"1513",-1.64617563657031
"1514",-0.351081121757608
"1515",0.923340337633085
"1516",-0.311545202647884
"1517",1.57488632024222
"1518",0.130735790381694
"1519",-0.389601701873054
"1520",1.23951832018813
"1521",-0.106308944641321
"1522",-0.0520658796552076
"1523",-2.21296583795324
"1524",-1.11654661002554
"1525",-1.33539894697274
"1526",0.145513254490926
"1527",0.525958833125524
"1528",-1.97060937778025
"1529",0.842179247050671
"1530",-0.942482637180016
"1531",1.08717146678841
"1532",2.38521489185721
"1533",0.945422529852037
"1534",-0.00115678613020537
"1535",-0.46404971678168
"1536",0.504867008599623
"1537",1.42766115540242
"1538",1.50129184045482
"1539",1.3646522477178
"1540",0.802185812584167
"1541",-0.40899803198387
"1542",-0.091098070652597
"1543",1.11860442172751
"1544",-0.208413247185044
"1545",-0.960069519345232
"1546",-0.676531829247518
"1547",-0.49396740468985
"1548",-0.736422317675439
"1549",0.0503256636363638
"1550",-1.89064235968494
"1551",0.176300549939562
"1552",-0.615312884835609
"1553",-0.664030582377803
"1554",0.797799764076625
"1555",0.243660208591469
"1556",0.0234523554762951
"1557",-0.126409424778485
"1558",-0.0593088851934706
"1559",-0.178742773884837
"1560",0.610474999589699
"1561",0.441950681141667
"1562",-0.263916478768754
"1563",-0.31795344646005
"1564",0.810319967350969
"1565",-0.396758400149664
"1566",0.425409759722779
"1567",-0.227386572135106
"1568",-1.06611529999868
"1569",-0.36937434191654
"1570",1.03210657958566
"1571",0.112240916400572
"1572",1.22739197589889
"1573",0.883268138713768
"1574",0.724851897633993
"1575",-1.85439868785912
"1576",-1.53180482627914
"1577",-0.645951759882335
"1578",-0.773741733287635
"1579",-2.23011089994532
"1580",-1.9955879512667
"1581",-1.68050612144152
"1582",-0.737212713080847
"1583",-2.55284991635687
"1584",-1.8438811772828
"1585",-2.06319168597285
"1586",-3.47723296446386
"1587",-2.38691553642705
"1588",-3.23528104640644
"1589",-1.3167658569089
"1590",-1.83645610930063
"1591",-0.738415637671986
"1592",-0.669649411458939
"1593",-2.50600555128717
"1594",-2.00602086214644
"1595",-0.603707854711505
"1596",-0.0899340492477801
"1597",0.332535110441581
"1598",-3.146339325475
"1599",-1.37550995319058
"1600",-0.813518376149896
"1601",-0.773247953661769
"1602",-0.14448917298573
"1603",0.195926847422683
"1604",-0.939772952115174
"1605",-0.636328815800052
"1606",-0.283320798007796
"1607",1.49625632183406
"1608",0.347923572077844
"1609",0.113934395766349
"1610",-1.38192726955066
"1611",-2.14828071283997
"1612",-0.994149223090415
"1613",-1.93787863789936
"1614",-1.24519126270269
"1615",1.34645119627937
"1616",0.51891404482978
"1617",0.0910365330601246
"1618",-0.168200903025137
"1619",0.451967096092785
"1620",0.43093039826174
"1621",-0.247574925707279
"1622",-0.999576711927785
"1623",-0.334405840941382
"1624",0.572504349437242
"1625",-0.197640780268363
"1626",-0.848938685368009
"1627",-1.49582327030352
"1628",0.434101914424861
"1629",0.375723562954625
"1630",-0.560825043035139
"1631",-2.25159458082217
"1632",-1.02960253882039
"1633",0.425993238967329
"1634",1.29043642619735
"1635",0.937193900911643
"1636",0.902641893576771
"1637",0.787576414420502
"1638",-0.243865205750551
"1639",-0.472966664981452
"1640",1.7124893360631
"1641",0.737936233091665
"1642",-0.615905032330613
"1643",0.518909874228307
"1644",0.703059947308017
"1645",0.82144264822879
"1646",2.05842671998648
"1647",0.475740932356378
"1648",0.724580290456656
"1649",0.96347042832508
"1650",0.577355347415606
"1651",0.129564878517711
"1652",0.925028470229611
"1653",1.38002762160689
"1654",-0.479305060246057
"1655",1.09560639589017
"1656",-0.111597458584634
"1657",-0.825674440235395
"1658",-0.478708454498863
"1659",0.240736637620197
"1660",0.701427421428569
"1661",-0.582447120494296
"1662",0.285975668329532
"1663",0.395594933152487
"1664",1.49720598922585
"1665",-0.6206897397505
"1666",1.25840416637338
"1667",2.08006228373734
"1668",-0.545836083352204
"1669",1.93207989249722
"1670",0.565607304435142
"1671",1.00431056214473
"1672",-1.16061016476062
"1673",1.19304259168757
"1674",-0.434424982071751
"1675",-0.919584994693634
"1676",0.504275965095513
"1677",-0.635541839961339
"1678",-0.0789535889747989
"1679",0.829954075987887
"1680",-2.18560307169568
"1681",-0.728685200963642
"1682",-0.816986854770859
"1683",-0.431110311579832
"1684",0.857085178555595
"1685",0.811344854725671
"1686",-1.35068271461386
"1687",0.496984534492331
"1688",0.293243651553935
"1689",1.23961629245981
"1690",1.88957644715106
"1691",0.432024479828552
"1692",1.0324383835299
"1693",1.91643513070586
"1694",1.21962778885688
"1695",-0.887744097007248
"1696",1.08531187410639
"1697",1.24807847144604
"1698",1.22296274062411
"1699",-0.825881512713051
"1700",-0.793648968024698
"1701",-0.501778906996373
"1702",-0.520591503836755
"1703",-1.04748229278721
"1704",1.31864572945188
"1705",-0.00131973203682759
"1706",0.796334016555239
"1707",2.02432657359969
"1708",0.881764018231935
"1709",1.20677989566008
"1710",-0.0511691660669267
"1711",0.691821601712623
"1712",1.89608692062061
"1713",0.177809855274726
"1714",-0.635549531189051
"1715",-0.14035925970074
"1716",1.00931980821403
"1717",-1.47300736762168
"1718",-0.210598954000233
"1719",-3.85683168041487
"1720",1.27017384827142
"1721",-1.28516246788831
"1722",2.21122803145932
"1723",2.86323766693061
"1724",2.35308433330023
"1725",3.36260783628405
"1726",0.11138462229839
"1727",1.27443520707858
"1728",0.822257390154689
"1729",0.459657454101839
"1730",-1.086804876867
"1731",-0.194062297876547
"1732",0.75871034334273
"1733",1.62215170994021
"1734",1.34747612565346
"1735",2.27507755511088
"1736",1.24579693402652
"1737",2.57421912526704
"1738",1.50912788499325
"1739",2.34178443713578
"1740",0.578140740841479
"1741",-0.541817066687008
"1742",-0.0168819174885477
"1743",-0.170701031820761
"1744",-0.668963930061916
"1745",-0.978282152097165
"1746",0.691159826436603
"1747",-1.29074128062227
"1748",0.611791802210269
"1749",-0.870859875445915
"1750",-0.459595139268223
"1751",-0.709329388400413
"1752",-0.652529240345337
"1753",1.00037804501375
"1754",1.10937593023971
"1755",-0.905011745119169
"1756",-0.419945674532515
"1757",1.62443979310653
"1758",-0.545217719572159
"1759",-1.26935845356635
"1760",0.375045193817205
"1761",-0.10940224802444
"1762",-1.24524462077885
"1763",-0.200838092782781
"1764",0.196986248921573
"1765",1.78480387700749
"1766",-0.469671338180597
"1767",-0.738136477266051
"1768",-0.81802774075726
"1769",0.39425417854987
"1770",1.80174155689306
"1771",-0.222111090831339
"1772",0.992222526415879
"1773",0.342102194147458
"1774",1.11413533993496
"1775",-0.516647363046576
"1776",-0.363470280958984
"1777",1.23344546756298
"1778",-0.865190919169281
"1779",1.02971614426333
"1780",-1.31539004372761
"1781",-0.780607478705098
"1782",2.5125443949386
"1783",-0.200708521419403
"1784",0.871127673629568
"1785",-0.17319792518093
"1786",0.907265092718644
"1787",0.531327610325552
"1788",-0.402381203619091
"1789",1.20757673016564
"1790",0.61777951711775
"1791",-0.549276654807152
"1792",1.76363453429163
"1793",0.792335568818802
"1794",1.53146790802848
"1795",-1.25053815736192
"1796",-0.392734420955392
"1797",0.158596574893542
"1798",-2.12873631767463
"1799",0.909367025981212
"1800",-0.00250835589283212
"1801",0.9360327846704
"1802",0.0538495865501026
"1803",-0.604155186045705
"1804",-2.15795998655832
"1805",-1.55321970709457
"1806",-0.527087824181542
"1807",-0.997031977884933
"1808",-1.39406274725305
"1809",-0.534652072051751
"1810",-1.60944994673429
"1811",0.125549438815915
"1812",-1.27409023761389
"1813",-0.0720381996651106
"1814",-1.37998999947951
"1815",-0.895281481675872
"1816",-0.133829593387387
"1817",-0.754242933128762
"1818",0.371391293046878
"1819",1.50187345704996
"1820",-0.137069421031203
"1821",-0.562554229570972
"1822",-2.17967004173575
"1823",0.290279085174681
"1824",0.0562157462990257
"1825",1.23644436160598
"1826",0.430473715075224
"1827",-0.518436032459862
"1828",2.9311605600945
"1829",2.57138171895593
"1830",0.732117666880437
"1831",-0.111729366433714
"1832",-2.1158490622853
"1833",0.329859744282368
"1834",0.101427910232372
"1835",0.556354065923449
"1836",0.333876217164432
"1837",0.550988464691779
"1838",-0.526613779030642
"1839",0.522674228947565
"1840",-1.53608570446803
"1841",-0.603643114138919
"1842",-0.965061853531802
"1843",-0.0512818324224953
"1844",-1.93153291642299
"1845",-0.749263640763058
"1846",-1.17341922659952
"1847",0.762663053277146
"1848",-0.215096951135444
"1849",0.680750272637268
"1850",-0.103858888947904
"1851",1.32929381724185
"1852",0.773882968895083
"1853",1.43424023607716
"1854",2.06104326003795
"1855",2.30519979626805
"1856",1.89828974865573
"1857",0.927906644074436
"1858",-0.382517037940189
"1859",0.348450240257378
"1860",0.705802398956922
"1861",-0.790678613630287
"1862",0.254331934520094
"1863",-0.329342423627379
"1864",0.632671078669054
"1865",0.851347863820115
"1866",1.14964513860028
"1867",0.0872211487984246
"1868",0.0657691136171404
"1869",0.992725003749079
"1870",0.879943198353273
"1871",0.0600996464082967
"1872",-0.44053805232631
"1873",0.232393979391552
"1874",-0.984060177457662
"1875",1.00416330866827
"1876",-0.427296539767302
"1877",0.848486160561779
"1878",-1.6146108753554
"1879",0.0557665513077015
"1880",0.465808730924561
"1881",0.17255553678951
"1882",-0.662521936537204
"1883",0.149374263392319
"1884",-0.680020193829503
"1885",-1.27733844984874
"1886",-0.512048452077434
"1887",-0.604113901778772
"1888",-2.06306972531265
"1889",-0.742168640623907
"1890",1.03214052819794
"1891",-0.638567905654276
"1892",-0.1020434299801
"1893",0.255200140540261
"1894",0.340240253916479
"1895",0.352879082876461
"1896",-0.828639947258619
"1897",-0.341913574488473
"1898",-1.04275194448971
"1899",1.04359342788212
"1900",-0.443609767916757
"1901",-1.69153894539677
"1902",-1.76117276056132
"1903",0.180265526263409
"1904",0.164003923816201
"1905",0.384745951775807
"1906",0.139743741104257
"1907",0.497074446116585
"1908",-0.199300395681081
"1909",1.38432890523632
"1910",-0.542370206299659
"1911",0.884808960198062
"1912",0.224940802947696
"1913",1.26921464145303
"1914",-1.18794179460261
"1915",-0.772422380464882
"1916",-2.30329971753964
"1917",0.150346757068257
"1918",1.29851875342724
"1919",1.26006295864743
"1920",1.69335923803961
"1921",-1.11562894532099
"1922",0.824596356759746
"1923",1.14899062567091
"1924",-0.0820650548666715
"1925",-0.674568922086815
"1926",0.562701184864348
"1927",-1.02632769129249
"1928",1.97535856909289
"1929",0.270853780353553
"1930",2.19240693695023
"1931",0.903942942721859
"1932",1.59528885468698
"1933",1.56843078983074
"1934",2.31796417432925
"1935",2.70548658925431
"1936",2.31946702264422
"1937",1.82643462066013
"1938",1.37385153134871
"1939",0.435682084462583
"1940",0.0860500687154052
"1941",-0.0932787334095373
"1942",2.18009631828032
"1943",2.85894279842543
"1944",1.21678503465847
"1945",1.18824721073396
"1946",1.49878458180112
"1947",-0.17632429030764
"1948",1.340997059095
"1949",-0.30964682083509
"1950",-0.397542276551164
"1951",-0.527711325043334
"1952",-0.839454438148188
"1953",-0.0261359752437866
"1954",-0.444624152037492
"1955",-0.972702908120229
"1956",-1.99752551010059
"1957",-0.848454293670658
"1958",-1.11153516959658
"1959",-0.410158207439578
"1960",-0.674279092713111
"1961",-2.83676369983526
"1962",-1.53669817098881
"1963",-0.125756250759258
"1964",-2.38998249167953
"1965",-2.07837958762389
"1966",-0.802524952200019
"1967",-0.559775391769849
"1968",-0.116768459351642
"1969",-1.14637862590288
"1970",-1.58596372939006
"1971",0.41793021018209
"1972",-0.70373188411582
"1973",1.43672775500609
"1974",-0.15994878397678
"1975",-0.039628140624759
"1976",-1.523301982336
"1977",-0.498120810186616
"1978",-0.783335971179579
"1979",-0.485481937659703
"1980",-0.034478326988527
"1981",0.188764057808404
"1982",-0.226395797674027
"1983",0.333781714726835
"1984",-0.0816193696543537
"1985",0.431793901707229
"1986",0.972153609633495
"1987",-0.529386618781918
"1988",-1.02934016189643
"1989",0.776613253806022
"1990",0.894854761763202
"1991",0.704598080684538
"1992",0.4024343341359
"1993",-0.957086828514439
"1994",2.33695817562556
"1995",-0.393562135209183
"1996",0.43634557593992
"1997",0.513116972744466
"1998",0.722841596765674
"1999",-0.0584814252985982
"2000",0.334508317829368
"2001",0.915404372896596
"2002",0.00402530062470923
"2003",1.40797263706301
"2004",1.93244761299304
"2005",0.701761038554041
"2006",0.0415926565505717
"2007",2.50469002735468
"2008",-0.512937086079213
"2009",-0.303105773253753
"2010",1.3975973091974
"2011",1.35633147089997
"2012",1.41172842153314
"2013",1.09658579786184
"2014",1.47067244363699
"2015",1.46741562471997
"2016",0.0459737951201983
"2017",0.70306233518678
"2018",-0.464641763527992
"2019",0.327328467780321
"2020",1.14993581978399
"2021",0.184352806898712
"2022",2.23276414765418
"2023",0.387458678910245
"2024",1.60357929651562
"2025",0.859625074882795
"2026",-0.0483315941945977
"2027",-1.13724964320094
"2028",-0.0612511016113563
"2029",-0.768864511457484
"2030",0.115151622474842
"2031",1.54346150580962
"2032",-0.605156097999272
"2033",1.08086483281016
"2034",-1.77845094006607
"2035",-0.625601170844504
"2036",-0.136473303829989
"2037",-1.2060020708367
"2038",1.39446988197788
"2039",-0.0225401257388479
"2040",1.07952833631835
"2041",-1.21023439727431
"2042",-0.431740713182034
"2043",-1.11048921455675
"2044",-0.408077252605634
"2045",1.33281979234722
"2046",-0.475452906603092
"2047",0.423454160994593
"2048",-1.06246470782052
"2049",0.87889248957515
"2050",1.29064588475787
"2051",0.380243811121468
"2052",1.21411440528783
"2053",0.342040288346461
"2054",2.21560170374136
"2055",2.29843826093998
"2056",1.99382050132346
"2057",1.58463787539624
"2058",0.913379856066264
"2059",1.49077420505815
"2060",1.92485113962327
"2061",2.64378765361612
"2062",0.653228038168133
"2063",2.06325300886791
"2064",1.0640368658261
"2065",1.21106287947539
"2066",2.71328229159449
"2067",0.561935828012455
"2068",-0.189284356182194
"2069",0.926382733211141
"2070",-1.67408759667249
"2071",0.312816980666698
"2072",0.52262277705023
"2073",0.191634189477947
"2074",0.894277384977596
"2075",-0.0210721899552576
"2076",1.00596574403227
"2077",-0.732716437077178
"2078",0.0266093939903509
"2079",1.90613163620149
"2080",0.0160568293399551
"2081",0.0124774753725734
"2082",-2.01317986758341
"2083",-0.979266931010485
"2084",2.01354644669093
"2085",3.4449492022574
"2086",2.9482801984861
"2087",1.18870732560869
"2088",0.709108218948659
"2089",0.424518446143111
"2090",-0.1569495433959
"2091",0.371929781965756
"2092",1.14912818313663
"2093",0.798899297403469
"2094",-0.259271195473483
"2095",0.542121988849032
"2096",-0.661354894691098
"2097",0.778750611583593
"2098",0.819551139016791
"2099",0.485843077222278
"2100",0.236216996236849
"2101",0.766380884502471
"2102",1.17898004325662
"2103",-0.0184309073231009
"2104",1.16646668060555
"2105",-0.26160841509593
"2106",-1.20845599668722
"2107",-1.20629098530003
"2108",0.651773298003411
"2109",0.147534740086491
"2110",-0.700367513170309
"2111",-0.205002750391417
"2112",-0.541198454974306
"2113",-1.36546361993666
"2114",-1.5041976785004
"2115",-0.068846366853756
"2116",-1.70816659140742
"2117",-0.295682157135634
"2118",-1.32201933864243
"2119",0.791804909172005
"2120",1.14196007857244
"2121",0.877229551855818
"2122",0.0102163943168779
"2123",-0.263164591805887
"2124",1.6509236921256
"2125",-0.0863998929039666
"2126",1.00699952444353
"2127",0.26735681090445
"2128",-0.649052661814949
"2129",0.926659545886435
"2130",0.801143452476708
"2131",1.03477547157997
"2132",1.16379913540197
"2133",0.213121151334439
"2134",0.207864774531311
"2135",1.53957985706593
"2136",0.90173389243752
"2137",0.812094718521637
"2138",-0.426723509874868
"2139",0.0239452681099158
"2140",-0.976209863091314
"2141",-0.815284109318981
"2142",0.762691590882577
"2143",0.48459689917452
"2144",1.60922295601894
"2145",0.485039344820855
"2146",1.00197424996036
"2147",1.13696164345121
"2148",0.0447872494790058
"2149",0.952809071745983
"2150",0.575886174588151
"2151",1.59028074940626
"2152",-0.304278267090592
"2153",2.55866285092563
"2154",0.870488442697888
"2155",0.569496547453291
"2156",0.430216482215743
"2157",0.0273375493889701
"2158",0.472157893383645
"2159",0.0983917191044963
"2160",1.70741817041292
"2161",-1.16067791171678
"2162",-0.398578555175343
"2163",-1.36563297743114
"2164",0.0516630590298463
"2165",-1.37287299571505
"2166",-1.48508978061989
"2167",-0.0291256676951592
"2168",-1.03127519890878
"2169",-0.33412077830525
"2170",-1.45030631918731
"2171",-0.554995933011139
"2172",-1.72242180516416
"2173",-1.36852379728909
"2174",-0.684226230387944
"2175",-1.20048882790851
"2176",-0.0931167330875819
"2177",0.30193613887835
"2178",1.31134867741954
"2179",-0.503579556793677
"2180",1.17280670142928
"2181",-0.139659214427236
"2182",0.389497058301438
"2183",-0.262684808161317
"2184",-2.37229345469139
"2185",1.24016387849634
"2186",1.166177077196
"2187",0.702450757149368
"2188",-0.241670781249239
"2189",0.437531192285312
"2190",-0.976599498890001
"2191",0.580559073117518
"2192",0.994103402037538
"2193",-0.33330102801315
"2194",0.566742027242646
"2195",1.51765163854133
"2196",0.170759318115193
"2197",0.140167517139359
"2198",0.693945932273449
"2199",-0.0713249629623504
"2200",-0.0824541521794447
"2201",-0.178095051358521
"2202",-1.5012876476743
"2203",-0.651926784877866
"2204",-1.41073092984
"2205",-1.61020705086279
"2206",0.31169249288743
"2207",-2.00164364818831
"2208",-0.17467748004524
"2209",0.105254941181689
"2210",1.29300316432072
"2211",0.090818369796494
"2212",-0.38079587063313
"2213",0.535915643424
"2214",0.189408910387182
"2215",-0.451340772264294
"2216",-0.192129956054186
"2217",-1.64392486950596
"2218",1.21178632332141
"2219",-1.1409305368494
"2220",-0.612797084295387
"2221",-0.486400524447909
"2222",-3.94144206032423
"2223",-0.671728534362521
"2224",-0.276566199842903
"2225",-0.207102890648076
"2226",1.66133524029483
"2227",1.83406542912646
"2228",0.525070241566355
"2229",-0.7719338152491
"2230",0.143613543527859
"2231",-1.4879536461747
"2232",0.144555523524473
"2233",0.783713212377022
"2234",0.109560821335462
"2235",-0.522454226129898
"2236",0.925957758484839
"2237",-0.627264489995237
"2238",-0.164397359393036
"2239",-3.21796161699207
"2240",-1.72480907991882
"2241",-0.102465091796894
"2242",0.503994163456693
"2243",1.94712260019608
"2244",-0.172564327656729
"2245",1.48345564612804
"2246",-0.598584676273449
"2247",-0.705766206169921
"2248",1.72509250478409
"2249",-0.346236050809228
"2250",-0.274273504983758
"2251",0.143180443195702
"2252",-1.40621509274687
"2253",-1.50713242823335
"2254",0.298196127179739
"2255",0.109718369333094
"2256",1.14294664103549
"2257",2.19279270422185
"2258",0.989458394236958
"2259",1.17408551047706
"2260",0.402037264014439
"2261",1.02208694354369
"2262",0.219967341481575
"2263",1.08307241454935
"2264",0.931629708537182
"2265",-0.293285549346198
"2266",-0.558250275929665
"2267",-0.0772447158009664
"2268",-2.4705821468104
"2269",-1.36781746652873
"2270",0.118234745571183
"2271",-0.242493921034082
"2272",-0.495060301600292
"2273",-3.07971613982347
"2274",-1.20976735587635
"2275",-1.95399856178655
"2276",-1.31970796074016
"2277",-1.79284745769389
"2278",-0.437933845094501
"2279",-1.0386701228597
"2280",-2.32641607057563
"2281",-1.11683112845497
"2282",-1.96500645282121
"2283",-1.07642141408971
"2284",-1.33964106795863
"2285",-0.316528810356874
"2286",-2.03936975369862
"2287",-1.25556560775235
"2288",-0.12058646065884
"2289",0.690781102754916
"2290",-1.75090358996317
"2291",0.706002421904903
"2292",-0.777416093841329
"2293",0.377502590079643
"2294",-0.184714468451416
"2295",0.913115302177906
"2296",-1.79728794331715
"2297",-0.805545277720781
"2298",-0.290853390573201
"2299",0.415283983293631
"2300",0.0558381137716753
"2301",0.59259705856563
"2302",-2.5789255427914
"2303",0.701624818695122
"2304",0.283416433967972
"2305",-0.00829832835522248
"2306",1.90302210883615
"2307",0.182752735913413
"2308",-1.28544260929395
"2309",0.152677663602628
"2310",-0.481410432447778
"2311",2.01165037668423
"2312",0.512903375894923
"2313",1.32836504043807
"2314",0.48158590998575
"2315",0.97557543404264
"2316",-1.40245250941122
"2317",2.36742003829927
"2318",2.65056376250199
"2319",0.980354090703996
"2320",0.666099136177806
"2321",-0.182486626296218
"2322",0.421254287589346
"2323",0.667031318195328
"2324",0.157406233798271
"2325",0.1221898561331
"2326",-0.644216638152773
"2327",-2.41265788740728
"2328",-1.34607839541367
"2329",-0.698625343941912
"2330",-1.57789478865242
"2331",-1.33705730241116
"2332",-0.282412075887469
"2333",-1.58005752759218
"2334",0.249837691858909
"2335",-1.46657658381333
"2336",-1.14765479174118
"2337",-0.645512262988923
"2338",-3.04298931070883
"2339",-1.75477226037618
"2340",-0.712618395228341
"2341",-0.425040597517166
"2342",-0.0499272341910577
"2343",-0.731983111881189
"2344",-0.0250391809444298
"2345",-0.721234235532374
"2346",-0.379247303657464
"2347",0.455878160848357
"2348",1.95765264253872
"2349",0.813614583610065
"2350",1.8216394227399
"2351",0.350117487791397
"2352",1.49131161203331
"2353",-0.345171458646026
"2354",-0.0958713644428632
"2355",0.044763083389526
"2356",0.0612673674403793
"2357",-0.729192255902934
"2358",1.51175583985342
"2359",-1.88927828427023
"2360",0.0966571329853752
"2361",-1.48349165009447
"2362",-1.63080467592711
"2363",-1.8563890273482
"2364",-0.740235790123286
"2365",-0.936841762774978
"2366",-0.66199131693248
"2367",-0.89528184489713
"2368",0.034424355562701
"2369",-0.0886206962522838
"2370",-0.751170714954064
"2371",-1.87012314252006
"2372",-0.586588582621508
"2373",-0.245028337277696
"2374",-0.649818688849719
"2375",0.416541342181776
"2376",-0.0971628414700404
"2377",-0.342729923891639
"2378",-0.477250098249334
"2379",-0.321673899487817
"2380",-0.14336656444252
"2381",0.461329122926994
"2382",0.77459588967596
"2383",0.094663740466688
"2384",-0.336547684403821
"2385",0.421447324427148
"2386",0.235784493090869
"2387",-1.61828749185644
"2388",-1.46001812878219
"2389",-0.441031703149731
"2390",-0.253292617801255
"2391",-0.0357835849711047
"2392",0.882093537740867
"2393",1.4112339267916
"2394",1.89097069526111
"2395",0.902710411508651
"2396",0.15617519502788
"2397",1.68825056163654
"2398",1.13649965816761
"2399",1.37334686222303
"2400",0.405718350108854
"2401",-0.624957072593849
"2402",1.67347568373502
"2403",0.489979719645133
"2404",0.786028183702502
"2405",-0.273980784585225
"2406",-0.0775770969075828
"2407",1.23830074592567
"2408",0.531966579442691
"2409",0.773732149525845
"2410",-0.204700026567753
"2411",0.673628354395283
"2412",-0.767764466098181
"2413",0.79639752342846
"2414",-0.429123203885745
"2415",-0.185680908961583
"2416",0.945988289311567
"2417",0.426021030023864
"2418",0.717814829127601
"2419",0.889548258422967
"2420",0.678557995427815
"2421",-1.54532808867935
"2422",0.954167141196295
"2423",0.817083519054535
"2424",-0.197483781967066
"2425",-0.987036715733079
"2426",-0.782346410115392
"2427",-1.48405847468726
"2428",-0.217063353608103
"2429",-1.34838077619112
"2430",-0.66169657878199
"2431",-0.792768092326779
"2432",-1.09390616884629
"2433",-0.867265799656949
"2434",-0.323619222959362
"2435",-0.147399834633522
"2436",-1.14549124626665
"2437",-0.881174739496133
"2438",-0.0351014490212128
"2439",1.01724640008584
"2440",-1.21245425813005
"2441",-0.0598316656847806
"2442",-0.237558250598889
"2443",-2.6255958489583
"2444",-0.480303207539535
"2445",-0.338296937061348
"2446",-2.59532462816941
"2447",-0.226576673502238
"2448",-1.58513050096957
"2449",-0.298636275135465
"2450",-2.14922727548597
"2451",-2.7060493669493
"2452",-1.05714842844326
"2453",-2.7446269555619
"2454",-2.06721775097235
"2455",-2.37125799714233
"2456",-0.264254170759859
"2457",-1.0200709132511
"2458",-1.97728123825327
"2459",-0.524693829192318
"2460",0.177865311438856
"2461",0.773537141111734
"2462",-0.168562057199656
"2463",0.606806366161
"2464",0.882027682535118
"2465",-0.467343695616684
"2466",0.908998897683551
"2467",-0.401979148268127
"2468",-0.285593998876602
"2469",-0.152492823554744
"2470",-0.651145821882639
"2471",0.444256924847057
"2472",1.36085649244246
"2473",1.23618241734381
"2474",0.760627083972832
"2475",1.77295012787604
"2476",2.25327914462299
"2477",0.0239831266279957
"2478",2.23376066481123
"2479",1.45680920889741
"2480",1.72324485862699
"2481",0.222681588475477
"2482",-0.422647941477881
"2483",1.49805336344075
"2484",0.543361107713455
"2485",0.646542125916814
"2486",0.378900510721515
"2487",1.838705139857
"2488",0.609484074968417
"2489",1.13703471814749
"2490",-0.0611853246632919
"2491",0.746585462211911
"2492",-0.767524971025409
"2493",0.727874391177665
"2494",-0.175859911079166
"2495",-0.216404988548629
"2496",-2.2790724566708
"2497",0.780886253846118
"2498",-1.53797540433307
"2499",0.855564521724899
"2500",-1.902505383252
